train,test,brier_score,accuracy,games
2023,2024,0.24003761219170547,0.583779333058872,2429
2023+2024,2025,0.2402264792662412,0.5707818930041152,2430
