divisor,brier_score,accuracy
200,0.25815628200301827,0.550830017835094
300,0.2510563017931129,0.5534366854163808
400,0.2481814195349156,0.5563177390588558
500,0.24673520721223763,0.5520647551104404
600,0.24591594386747156,0.5527507202634107
