season,games,brier_score,accuracy
2023,2430,0.2449744546255144,0.5576131687242798
2024,2429,0.24419026497735696,0.5590778097982709
2025,2430,0.24381303390123457,0.5518518518518518
