season,games,brier_score,accuracy
2023,2430,0.24812594622633746,0.5551440329218107
2024,2429,0.249068378237958,0.5549608892548373
2025,2430,0.24735029914403295,0.5588477366255145
