k_factor,divisor,brier_score,accuracy
10,600,0.24448300478529292,0.5530251063245987
10,700,0.24435798094251612,0.5563177390588558
10,800,0.24432593644532857,0.5561805460282617
10,900,0.24434890179860064,0.5579640554259844
10,1000,0.24440210744409385,0.5581012484565784
