k_factor,brier_score,accuracy
10,0.24549341516531759,0.5554945808752916
15,0.24674446569213884,0.5585128275483605
20,0.2481814195349156,0.5563177390588558
25,0.24970793511181233,0.5524763342022225
32,0.25193173457127177,0.5504184387433119
